{
  "rmse": 0.0015477359291627994,
  "rmspe": 0.26748062196075695,
  "count": 83723
}